{
  "assetsByChunkName": {
    "vendors~app-account~app-confirmation~app-order": "chunk.20b4dbb95e1311b5a137.js",
    "vendors~app-account~app-checkout": "chunk.76f3b7d51aeeb60ea22f.js",
    "vendors~app-cart~app-checkout": "chunk.f62b72f8b04a9aa2cca9.js",
    "admin": [
      "admin.f7eee95cc2c8a68c0269.js",
      "admin.f7eee95cc2c8a68c0269.js.map"
    ],
    "app-account": "chunk.9b3ebf0e7a93482b4d33.js",
    "app-checkout": "chunk.e618e3afc73d1be7f259.js",
    "app-confirmation": "chunk.c37682e8e66cebc8acb1.js",
    "checkout": [
      "checkout.c41c357fbdee318a0319.js",
      "checkout.c41c357fbdee318a0319.js.map"
    ],
    "storefront": [
      "storefront.bafee7da9dee54dde9b8.css",
      "storefront.ce41aea9ea497c73c4f0.js",
      "storefront.bafee7da9dee54dde9b8.css.map",
      "storefront.ce41aea9ea497c73c4f0.js.map"
    ],
    "vendors~app-cart": "chunk.6a5f7a42fb2d44e21c02.js",
    "vendors~app-order": "chunk.90f38ac6fcc11f232ded.js"
  }
}