{
  "meta_title": "",
  "meta_description": "",
  "sections": [
    {
      "type": "banner-slider",
      "autoplay": 2000,
      "full_width": true,
      "slides": [
        {
          "img": "/img/uploads/ideia-h0vovthmwx.jpg",
          "link": "",
          "alt": "",
          "start": "",
          "end": "",
          "mobile_img": ""
        }
      ]
    },
    {
      "type": "info-bar",
      "enabled": true
    },
    {
      "type": "collection-shelf",
      "shuffle": true,
      "collection_id": null,
      "sort": "offers",
      "title": "",
      "headless": false,
      "limit": 12,
      "page": 1
    }
  ]
}
